[
  {
    "description": "",
    "elements": [
      {
        "description": "",
        "id": "add-pets-to-an-owner;add-two-pets-to-an-owner-and-validate-they-appear-in-the-list",
        "keyword": "Scenario",
        "line": 11,
        "name": "Add two pets to an owner and validate they appear in the list",
        "steps": [
          {
            "arguments": [],
            "keyword": "Given ",
            "line": 5,
            "name": "I am on the owner's profile page",
            "match": {
              "location": "src\\steps\\addPets.spec.ts:26"
            },
            "result": {
              "status": "passed",
              "duration": 4561956799
            }
          },
          {
            "arguments": [],
            "keyword": "When ",
            "line": 6,
            "name": "I select \"Add New Pet\"",
            "match": {
              "location": "src\\steps\\addPets.spec.ts:35"
            },
            "result": {
              "status": "passed",
              "duration": 2433727100
            }
          },
          {
            "arguments": [],
            "keyword": "And ",
            "line": 7,
            "name": "I fill out the pet form with valid pet information \"aleatorio\" \"dog\" \"2024-10-04\"",
            "match": {
              "location": "src\\steps\\addPets.spec.ts:39"
            },
            "result": {
              "status": "passed",
              "duration": 772061099
            }
          },
          {
            "arguments": [],
            "keyword": "Then ",
            "line": 8,
            "name": "Check registered pet",
            "match": {
              "location": "src\\steps\\addPets.spec.ts:52"
            },
            "result": {
              "status": "passed",
              "duration": 980934700
            }
          }
        ],
        "tags": [
          {
            "name": "@smoke",
            "line": 1
          },
          {
            "name": "@addPet",
            "line": 3
          },
          {
            "name": "@happyPath",
            "line": 3
          }
        ],
        "type": "scenario"
      }
    ],
    "id": "add-pets-to-an-owner",
    "line": 2,
    "keyword": "Feature",
    "name": "Add Pets to an Owner",
    "tags": [
      {
        "name": "@smoke",
        "line": 1
      }
    ],
    "uri": "src\\features\\add-pets.feature"
  },
  {
    "description": "",
    "elements": [
      {
        "description": "",
        "id": "search-and-edit-an-owner;search-and-edit-an-existing-owner",
        "keyword": "Scenario",
        "line": 4,
        "name": "Search and edit an existing owner",
        "steps": [
          {
            "arguments": [],
            "keyword": "Given ",
            "line": 5,
            "name": "I navigate to the \"Find Owners\" page",
            "match": {
              "location": "src\\steps\\buscarEditarOwner.spec.ts:20"
            },
            "result": {
              "status": "passed",
              "duration": 1761196900
            }
          },
          {
            "arguments": [],
            "keyword": "When ",
            "line": 6,
            "name": "I search for an owner \"aguila\"",
            "match": {
              "location": "src\\steps\\buscarEditarOwner.spec.ts:25"
            },
            "result": {
              "status": "passed",
              "duration": 2782449700
            }
          },
          {
            "arguments": [],
            "keyword": "And ",
            "line": 7,
            "name": "I click on the \"Edit\" button for the owner",
            "match": {
              "location": "src\\steps\\buscarEditarOwner.spec.ts:32"
            },
            "result": {
              "status": "passed",
              "duration": 588102399
            }
          },
          {
            "arguments": [],
            "keyword": "And ",
            "line": 8,
            "name": "I change the owner name to \"Jordi edit\"",
            "match": {
              "location": "src\\steps\\buscarEditarOwner.spec.ts:37"
            },
            "result": {
              "status": "passed",
              "duration": 522232500
            }
          },
          {
            "arguments": [],
            "keyword": "Then ",
            "line": 9,
            "name": "the owner name should be updated in the owner list \"Jordi edit\"",
            "match": {
              "location": "src\\steps\\buscarEditarOwner.spec.ts:41"
            },
            "result": {
              "status": "passed",
              "duration": 913637999
            }
          }
        ],
        "tags": [
          {
            "name": "@smoke",
            "line": 1
          },
          {
            "name": "@edit",
            "line": 3
          },
          {
            "name": "@happyPath",
            "line": 3
          }
        ],
        "type": "scenario"
      }
    ],
    "id": "search-and-edit-an-owner",
    "line": 2,
    "keyword": "Feature",
    "name": "Search and Edit an Owner",
    "tags": [
      {
        "name": "@smoke",
        "line": 1
      }
    ],
    "uri": "src\\features\\buscarEditarOwner.feature"
  },
  {
    "description": "",
    "elements": [
      {
        "description": "",
        "id": "add-a-new-owner;add-a-new-owner-successfully",
        "keyword": "Scenario Outline",
        "line": 15,
        "name": "Add a new owner successfully",
        "steps": [
          {
            "arguments": [],
            "keyword": "Given ",
            "line": 5,
            "name": "I am on the \"Find Owners\" page",
            "match": {
              "location": "src\\steps\\crearOwner.spec.ts:13"
            },
            "result": {
              "status": "passed",
              "duration": 4279047600
            }
          },
          {
            "arguments": [],
            "keyword": "When ",
            "line": 6,
            "name": "I select \"Add New Owner\"",
            "match": {
              "location": "src\\steps\\crearOwner.spec.ts:21"
            },
            "result": {
              "status": "passed",
              "duration": 593312900
            }
          },
          {
            "arguments": [
              {
                "rows": [
                  {
                    "cells": [
                      "firstName",
                      "lastName",
                      "address",
                      "city",
                      "telephone"
                    ]
                  },
                  {
                    "cells": [
                      "Jordi1",
                      "Aguila1",
                      "123 Main St 1",
                      "Springfield 1",
                      "1000010001"
                    ]
                  }
                ]
              }
            ],
            "keyword": "And ",
            "line": 7,
            "name": "I fill out the form with valid owner information",
            "match": {
              "location": "src\\steps\\crearOwner.spec.ts:26"
            },
            "result": {
              "status": "passed",
              "duration": 1085371400
            }
          },
          {
            "arguments": [
              {
                "rows": [
                  {
                    "cells": [
                      "firstName",
                      "lastName"
                    ]
                  },
                  {
                    "cells": [
                      "Jordi1",
                      "Aguila1"
                    ]
                  }
                ]
              }
            ],
            "keyword": "Then ",
            "line": 10,
            "name": "verify owner created",
            "match": {
              "location": "src\\steps\\crearOwner.spec.ts:34"
            },
            "result": {
              "status": "passed",
              "duration": 464295899
            }
          }
        ],
        "tags": [
          {
            "name": "@smoke",
            "line": 1
          },
          {
            "name": "@create",
            "line": 3
          },
          {
            "name": "@happyPath",
            "line": 3
          }
        ],
        "type": "scenario"
      }
    ],
    "id": "add-a-new-owner",
    "line": 2,
    "keyword": "Feature",
    "name": "Add a New Owner",
    "tags": [
      {
        "name": "@smoke",
        "line": 1
      }
    ],
    "uri": "src\\features\\crearOwner.feature"
  },
  {
    "description": "",
    "elements": [
      {
        "description": "",
        "id": "manage-owners-in-petclinic;access-and-display-the-list-of-owners",
        "keyword": "Scenario",
        "line": 4,
        "name": "Access and display the list of owners",
        "steps": [
          {
            "arguments": [],
            "keyword": "Given ",
            "line": 5,
            "name": "I navigate to the Petclinic home page",
            "match": {
              "location": "src\\steps\\listaOwners.spec.ts:12"
            },
            "result": {
              "status": "passed",
              "duration": 4235233899
            }
          },
          {
            "arguments": [],
            "keyword": "When ",
            "line": 6,
            "name": "I access the \"Owners\" section",
            "match": {
              "location": "src\\steps\\listaOwners.spec.ts:22"
            },
            "result": {
              "status": "passed",
              "duration": 694105599
            }
          },
          {
            "arguments": [],
            "keyword": "Then ",
            "line": 7,
            "name": "I should see a list of registered pet owners",
            "match": {
              "location": "src\\steps\\listaOwners.spec.ts:26"
            },
            "result": {
              "status": "passed",
              "duration": 602188800
            }
          }
        ],
        "tags": [
          {
            "name": "@smoke",
            "line": 1
          },
          {
            "name": "@list",
            "line": 3
          },
          {
            "name": "@happyPath",
            "line": 3
          }
        ],
        "type": "scenario"
      }
    ],
    "id": "manage-owners-in-petclinic",
    "line": 2,
    "keyword": "Feature",
    "name": "Manage Owners in Petclinic",
    "tags": [
      {
        "name": "@smoke",
        "line": 1
      }
    ],
    "uri": "src\\features\\listaOwners.feature"
  }
]